race,gross,perc
White,782621.91,0.6919935982569536
Black,51059.88,0.04514710058113279
Indigenous,16097.1,0.014233041534068484
Multiracial,10897.14,0.009635241516953925
Hispanic,2320,0.002051341941035272
