sex,count,total,percent,project
Male,862996.03,862996.03,1,Hancock
Female,236684.78,3600503.4099999997,0.06573657987453482,Lakeview
Male,3363818.63,3600503.4099999997,0.9342634201254653,Lakeview
Female,183652.41,4858244.61,0.03780221556197023,Expo Center
Male,4674592.2,4858244.61,0.9621977844380297,Expo Center
Female,420830.55,6193196.37,0.06795046125753638,I-690
Male,5772365.82,6193196.37,0.9320495387424637,I-690
