sex,count,total,percent,project
Male,862996.03,862996.03,1,Hancock
Female,210247.58,3231500.34,0.0650619086736658,Lakeview
Male,3021252.76,3231500.34,0.9349380913263342,Lakeview
Female,183436.41,4812334.38,0.038117968435934,Expo Center
Male,4628897.97,4812334.38,0.9618820315640659,Expo Center
Female,420830.55,6193196.37,0.06795046125753638,I-690
Male,5772365.82,6193196.37,0.9320495387424637,I-690
