sex,count,percent,project
Male,122,1,Hancock
Female,0,0,Hancock
Female,19,0.044186046511627906,Lakeview
Male,411,0.9558139534883721,Lakeview
Female,54,0.028051948051948054,Expo Center
Male,1871,0.9719480519480519,Expo Center
Female,9,0.0225,I-690
Male,391,0.9775,I-690
