sex,count,total,percent,project
Male,27987.5,27987.5,1,Hancock
Female,0,27988,0,Hancock
Female,6912.5,98848,0.06993060051796698,Lakeview
Male,91935.5,98848,0.930069399482033,Lakeview
Female,6198.11,157436.05,0.039369064455059694,Expo Center
Male,151237.94,157436.05,0.9606309355449404,Expo Center
Female,12012,173382,0.06928054815378759,I-690
Male,161370,173382,0.9307194518462124,I-690
