sex,count,total,percent,project
Male,139,204,0.6813725490196079,Hancock
NA,65,204,0.31862745098039214,Hancock
Female,21,571,0.03677758318739054,Lakeview
Male,428,571,0.7495621716287215,Lakeview
NA,122,571,0.2136602451838879,Lakeview
Female,33,344,0.09593023255813954,Expo Center
Male,311,344,0.9040697674418605,Expo Center
Female,9,400,0.0225,I-690
Male,391,400,0.9775,I-690
