sex,count,total,percent,project
Male,27987.5,35574.6,0.7867270468255441,Hancock
NA,7587.1,35574.6,0.21327295317445596,Hancock
Female,7911.5,127421.15,0.06208937841166871,Lakeview
Male,103068.3,127421.15,0.8088790597165385,Lakeview
NA,16441.35,127421.15,0.12903156187179288,Lakeview
Female,6205.61,159399.55,0.03893116385836723,Expo Center
Male,153193.94,159399.55,0.9610688361416329,Expo Center
Female,14123,161381,0.08751339996653881,I-690
Male,147258,161381,0.9124866000334612,I-690
