sex,count,percent,project
Male,122,1,Hancock
Female,0,0,Hancock
Female,18,0.04736842105263158,Lakeview
Male,362,0.9526315789473684,Lakeview
Female,54,0.028051948051948054,Expo Center
Male,1871,0.9719480519480519,Expo Center
Female,9,0.0225,I-690
Male,391,0.9775,I-690
