sex,count,total,percent,project
Male,161370,173382,0.9307194518462124,I-690
Female,12012,173382,0.06928054815378759,I-690
